                  epoch,         train/box_loss,        train/pose_loss,        train/kobj_loss,         train/cls_loss,         train/dfl_loss,   metrics/precision(B),      metrics/recall(B),       metrics/mAP50(B),    metrics/mAP50-95(B),   metrics/precision(P),      metrics/recall(P),       metrics/mAP50(P),    metrics/mAP50-95(P),           val/box_loss,          val/pose_loss,          val/kobj_loss,           val/cls_loss,           val/dfl_loss,                 lr/pg0,                 lr/pg1,                 lr/pg2
                      1,                 3.0302,                   4.75,                0.73397,                 7.0872,                 2.9192,                0.01101,                0.94444,                0.05131,                0.01924,                0.01004,                0.86111,                0.04734,                0.00959,                 1.8807,                 4.1226,                 0.7157,                 3.2474,                 2.4512,                0.00014,                0.00014,                0.00014
                      2,                 2.0713,                 4.1496,                0.69298,                 2.7202,                 2.1734,                0.35183,                0.58333,                0.37426,                0.13534,                0.48426,                0.60003,                0.50591,                0.14761,                 2.0183,                 3.7965,                0.68114,                  2.435,                 2.2176,             0.00029901,             0.00029901,             0.00029901
                      3,                 1.6672,                 2.8942,                0.60064,                 1.6411,                 1.6909,                0.95106,                0.54012,                0.80245,                0.41717,                0.95106,                0.54012,                0.76053,                0.25493,                 1.6899,                 3.4519,                0.62866,                 1.2212,                 2.0451,             0.00045696,             0.00045696,             0.00045696
                      4,                 1.7437,                 2.3219,                 0.5396,                 1.3844,                  1.758,                      1,                0.96249,                0.99395,                0.46806,                      1,                0.96249,                0.99395,                0.47101,                 1.6629,                 2.2943,                0.48011,                 1.2542,                 2.3269,             0.00061386,             0.00061386,             0.00061386
                      5,                 1.6524,                 2.1961,                0.49418,                 1.3874,                 1.7182,                      1,                0.91575,                0.98374,                0.50091,                      1,                0.91575,                0.98374,                0.50542,                 1.4356,                 1.9489,                 0.3867,                 1.6814,                 1.9686,              0.0007697,              0.0007697,              0.0007697
                      6,                 1.6266,                  2.121,                0.49233,                 1.2478,                 1.6814,                0.40525,                0.91667,                0.65508,                0.26586,                0.41578,                0.94444,                0.65823,                0.41328,                 1.6403,                 1.6019,                0.29644,                 4.6546,                 2.1713,             0.00092449,             0.00092449,             0.00092449
                      7,                 1.5621,                 1.9018,                0.46241,                  1.166,                 1.6407,                0.95655,                0.94444,                0.98763,                0.49019,                 0.9552,                0.94444,                0.99063,                0.63825,                 1.4774,                 1.4819,                0.26935,                 2.1836,                 1.9092,              0.0010782,              0.0010782,              0.0010782
                      8,                 1.7149,                 1.5798,                0.47604,                 1.0861,                 1.7062,                0.82373,                0.80556,                0.80098,                0.19617,                0.89002,                0.89935,                0.93918,                0.59166,                 2.5047,                 1.5312,                 0.2866,                 1.3382,                 3.1832,              0.0012309,              0.0012309,              0.0012309
                      9,                 1.6758,                 1.7448,                0.42607,                 1.1751,                 1.6503,                0.93931,                   0.75,                0.90183,                0.46438,                 0.9741,                0.77778,                 0.8965,                0.56093,                 1.5557,                 1.6213,                0.23733,                  1.086,                 1.9606,              0.0013825,              0.0013825,              0.0013825
                     10,                 1.6683,                 1.6179,                  0.428,                 1.1093,                 1.6279,                0.87638,                0.86111,                0.90122,                0.46032,                0.87998,                0.86111,                0.87573,                0.48218,                 1.7326,                 1.8293,                0.24155,                0.98875,                 2.1922,              0.0015331,              0.0015331,              0.0015331
                     11,                 1.6309,                 1.5386,                0.40612,                 1.1576,                 1.6763,                0.93581,                0.94444,                0.96644,                0.43037,                0.95359,                0.97222,                 0.9848,                0.64975,                 1.8578,                 1.2985,                 0.1374,                 1.0964,                 2.4235,              0.0016826,              0.0016826,              0.0016826
                     12,                 1.6709,                 1.3801,                0.39626,                 1.1704,                 1.7473,                0.90989,                0.97222,                0.98706,                0.56271,                0.90989,                0.97222,                0.98706,                0.70656,                 1.5451,                 1.1571,                0.11521,                 1.3371,                  1.851,               0.001831,               0.001831,               0.001831
                     13,                 1.6129,                 1.3871,                0.41842,                  1.125,                 1.6254,                0.93572,                0.58333,                0.79891,                0.34497,                0.70455,                0.79505,                0.79214,                0.49136,                 1.7754,                 1.6084,                0.14398,                 1.3665,                 2.0372,              0.0019208,              0.0019208,              0.0019208
                     14,                 1.6125,                 1.3978,                0.40655,                 1.1087,                 1.6294,                0.81135,                0.80556,                0.81564,                0.36563,                0.94465,                0.94444,                0.99065,                0.63433,                 1.8842,                 1.1609,                 0.0905,                 1.9593,                  2.191,              0.0019142,              0.0019142,              0.0019142
                     15,                 1.5929,                 1.3755,                0.34908,                  1.092,                 1.6551,                0.15073,                0.61111,                0.13886,                0.06765,                0.15073,                0.61111,                0.14093,                0.09399,                 1.6086,                 1.4218,                0.13146,                 4.7481,                 2.0248,              0.0019076,              0.0019076,              0.0019076
                     16,                 1.5968,                 1.1422,                0.32741,                 1.0785,                 1.6009,                0.82425,                0.65161,                 0.7941,                0.35304,                0.72821,                0.81887,                0.85071,                0.55015,                 1.6477,                 1.3003,                 0.1197,                 2.1694,                 1.9584,               0.001901,               0.001901,               0.001901
                     17,                 1.6514,                 1.2449,                0.38113,                 1.0885,                 1.6344,                0.65822,                0.72222,                0.74998,                0.37765,                0.68519,                0.84657,                0.83251,                 0.5939,                  1.717,                  1.127,                0.10221,                 1.9215,                 1.9554,              0.0018944,              0.0018944,              0.0018944
                     18,                  1.616,                 1.3193,                0.38787,                  1.047,                 1.6202,                0.41648,                0.49574,                0.46677,                0.21194,                0.41648,                0.49574,                 0.4863,                0.35219,                 1.7874,                 1.3806,                0.13569,                 2.2441,                 2.0872,              0.0018878,              0.0018878,              0.0018878
                     19,                 1.6235,                 1.2487,                 0.3652,                 1.0519,                 1.5819,                0.65946,                0.58333,                0.70324,                0.28405,                0.54643,                0.58333,                0.68963,                0.50462,                 1.6493,                 1.2376,                0.09161,                 2.5999,                 1.9646,              0.0018812,              0.0018812,              0.0018812
                     20,                 1.4827,                 1.2105,                0.36792,                 1.0394,                 1.5427,                0.85842,                0.97222,                0.94541,                0.54756,                0.88295,                      1,                0.97008,                0.72111,                 1.2892,                0.81259,                 0.0348,                 1.0197,                 1.6633,              0.0018746,              0.0018746,              0.0018746
                     21,                  1.499,                 1.0826,                0.37218,                 1.0478,                 1.5356,                 0.9724,                0.97883,                0.99446,                0.51816,                 0.9724,                0.97883,                0.99446,                0.72821,                 1.4025,                  0.692,                0.04615,                 1.0164,                 1.7559,               0.001868,               0.001868,               0.001868
                     22,                 1.5713,                 1.1043,                0.39375,                 1.0819,                 1.6158,                0.82547,                0.94444,                0.81685,                0.45337,                0.82547,                0.94444,                0.81685,                0.60469,                 1.3538,                0.73085,                0.06225,                0.91033,                 1.7106,              0.0018614,              0.0018614,              0.0018614
                     23,                 1.4968,                0.96127,                0.29534,                 1.0402,                 1.5749,                 0.9387,                0.86111,                0.87377,                0.47797,                 0.9387,                0.86111,                0.87444,                0.71987,                 1.5214,                0.78684,                0.08837,                 1.5452,                 1.8542,              0.0018548,              0.0018548,              0.0018548
                     24,                 1.4556,                 1.1225,                0.31353,                0.95505,                 1.4723,                0.86521,                0.86111,                0.87476,                0.47326,                0.86521,                0.86111,                0.87607,                0.64255,                 1.6434,                  1.068,                0.07581,                  2.835,                 2.0117,              0.0018482,              0.0018482,              0.0018482
                     25,                 1.5384,                 1.0502,                0.30794,                 0.9899,                 1.5345,                0.69825,                0.91667,                0.83656,                0.44206,                0.72112,                0.94444,                0.87446,                0.68368,                 1.5792,                 0.9503,                  0.058,                 1.6651,                 1.9935,              0.0018416,              0.0018416,              0.0018416
                     26,                 1.4964,                 1.0518,                0.30256,                0.91414,                 1.5029,                0.56763,                0.83885,                0.59388,                0.31706,                0.58643,                0.86662,                0.62224,                   0.45,                 1.4051,                 1.0046,                0.05694,                 1.6565,                  1.729,               0.001835,               0.001835,               0.001835
                     27,                  1.559,                 1.0414,                0.32174,                  0.957,                 1.5599,                0.67625,                0.86111,                 0.8362,                0.40005,                0.67941,                0.88889,                0.86008,                0.66964,                  1.551,                 1.0068,                0.03277,                 2.4842,                 1.8794,              0.0018284,              0.0018284,              0.0018284
                     28,                 1.6009,                 1.0087,                0.27216,                0.90669,                 1.5522,                0.54205,                0.69053,                0.56078,                0.19956,                0.51845,                0.69444,                 0.5308,                0.37254,                 1.7047,                 1.7294,                0.07334,                  3.101,                 2.0021,              0.0018218,              0.0018218,              0.0018218
                     29,                  1.545,                0.93946,                0.28493,                0.95285,                 1.5455,                0.38815,                0.83333,                0.42737,                0.18365,                0.35565,                0.72222,                0.34766,                0.23535,                 1.6348,                 1.3693,                0.08148,                 1.8259,                  2.009,              0.0018152,              0.0018152,              0.0018152
                     30,                 1.5288,                0.92584,                0.27294,                 1.0012,                 1.5962,                 0.8666,                      1,                0.99284,                0.55135,                 0.8666,                      1,                0.99284,                0.78029,                 1.4275,                0.60178,                0.03449,                 1.2993,                 1.7698,              0.0018086,              0.0018086,              0.0018086
                     31,                 1.4524,                 0.9771,                0.30368,                0.99058,                 1.4271,                 0.9701,                      1,                  0.995,                0.53884,                 0.9701,                      1,                  0.995,                0.72742,                 1.4079,                0.69788,                 0.0428,                  1.154,                 1.7133,               0.001802,               0.001802,               0.001802
                     32,                 1.4873,                0.87069,                0.24545,                0.99712,                 1.5326,                 0.6963,                0.82801,                0.79367,                0.33464,                0.68358,                0.83333,                0.83889,                0.56768,                 1.7698,                 1.2072,                0.23779,                 1.3207,                 2.0799,              0.0017954,              0.0017954,              0.0017954
                     33,                 1.5379,                0.92622,                0.24983,                 1.0327,                 1.5691,                0.65956,                0.80556,                0.77576,                 0.2432,                0.78523,                0.91408,                0.93348,                0.55613,                 2.5611,                 2.0816,                0.57608,                 1.5021,                 2.7215,              0.0017888,              0.0017888,              0.0017888
                     34,                 1.4991,                 1.0941,                0.26753,                0.98801,                 1.5341,                0.86259,                0.86111,                0.94711,                0.45581,                  0.901,                0.88889,                 0.9502,                0.69347,                 1.8295,                0.93868,                0.14263,                 1.0696,                 1.9852,              0.0017822,              0.0017822,              0.0017822
                     35,                 1.5002,                0.78853,                0.25307,                 1.0055,                 1.5511,                0.96343,                0.97222,                0.96067,                0.52116,                0.99125,                      1,                  0.995,                0.74577,                 1.4615,                0.55061,                0.04908,                0.89293,                 1.7506,              0.0017756,              0.0017756,              0.0017756
                     36,                 1.5039,                 1.1021,                0.27269,                 0.9759,                 1.5398,                0.98096,                      1,                  0.995,                0.59047,                0.98096,                      1,                  0.995,                0.77454,                 1.2329,                0.47756,                0.02325,                 0.9868,                 1.5713,               0.001769,               0.001769,               0.001769
                     37,                 1.3784,                 1.0823,                0.29912,                0.97583,                 1.4843,                0.99313,                      1,                  0.995,                0.52511,                0.99313,                      1,                  0.995,                0.74087,                 1.3758,                0.52118,                0.02629,                0.93653,                 1.6827,              0.0017624,              0.0017624,              0.0017624
                     38,                 1.4052,                0.90511,                0.22533,                0.97858,                 1.5168,                0.99202,                      1,                  0.995,                 0.5665,                0.99202,                      1,                  0.995,                0.67436,                 1.3836,                0.79546,                0.01761,                0.82496,                 1.6829,              0.0017558,              0.0017558,              0.0017558
                     39,                 1.4619,                0.97164,                 0.2841,                0.98612,                 1.4869,                0.96455,                0.97222,                 0.9571,                0.49746,                0.99239,                      1,                  0.995,                0.75969,                 1.6025,                 0.4921,                0.02561,                0.85495,                 1.8526,              0.0017492,              0.0017492,              0.0017492
                     40,                 1.4857,                0.84333,                0.25903,                0.95781,                 1.5308,                0.96181,                0.97222,                0.97997,                0.52288,                0.97216,                      1,                  0.995,                0.77854,                 1.5077,                0.46026,                0.03613,                0.89963,                 1.7554,              0.0017426,              0.0017426,              0.0017426
                     41,                 1.4753,                0.82394,                0.25603,                0.95157,                 1.5478,                  0.996,                      1,                  0.995,                0.59241,                  0.996,                      1,                  0.995,                0.82262,                 1.2847,                 0.4489,                0.02738,                0.77938,                 1.6363,               0.001736,               0.001736,               0.001736
                     42,                  1.465,                0.87484,                0.19213,                0.87019,                 1.5112,                0.99653,                      1,                  0.995,                0.60927,                0.99653,                      1,                  0.995,                0.81485,                 1.3172,                0.59427,                0.03141,                0.76948,                 1.6586,              0.0017294,              0.0017294,              0.0017294
                     43,                  1.447,                 0.8829,                0.26177,                0.87534,                 1.4809,                0.97209,                      1,                  0.995,                0.62541,                0.97209,                      1,                  0.995,                0.81763,                 1.5083,                0.44595,                0.03096,                0.92673,                  1.768,              0.0017228,              0.0017228,              0.0017228
                     44,                 1.4203,                0.84779,                0.27363,                0.94125,                  1.484,                0.96959,                      1,                  0.995,                0.57398,                0.96959,                      1,                  0.995,                0.80009,                 1.5422,                 0.4257,                0.03281,                 1.4431,                 1.7999,              0.0017162,              0.0017162,              0.0017162
                     45,                 1.4291,                 1.0569,                0.28983,                0.92194,                 1.5308,                0.97293,                0.99853,                0.99365,                0.56202,                0.97293,                0.99853,                0.99365,                0.76399,                  1.416,                0.48987,                0.03124,                 1.4176,                 1.6831,              0.0017096,              0.0017096,              0.0017096
                     46,                  1.421,                0.87454,                0.23193,                0.97824,                 1.4695,                0.87945,                0.97222,                0.97437,                0.59727,                0.91133,                      1,                  0.995,                0.80592,                 1.3109,                0.53927,                 0.0249,                 1.3203,                 1.6016,               0.001703,               0.001703,               0.001703
                     47,                 1.4731,                0.80908,                0.26258,                 1.0363,                 1.5096,                0.94099,                      1,                  0.995,                0.60639,                0.94099,                      1,                  0.995,                0.83538,                 1.2992,                0.44198,                0.02364,                 1.5038,                 1.5973,              0.0016964,              0.0016964,              0.0016964
                     48,                 1.3752,                0.69905,                0.23285,                0.93109,                 1.4351,                 0.9887,                      1,                  0.995,                0.57538,                 0.9887,                      1,                  0.995,                0.76366,                 1.3749,                0.58121,                0.02495,                 1.0653,                 1.6764,              0.0016898,              0.0016898,              0.0016898
                     49,                 1.4966,                0.94202,                 0.2317,                0.97356,                  1.552,                0.99447,                      1,                  0.995,                0.56792,                0.99447,                      1,                  0.995,                0.80205,                  1.353,                0.40587,                0.01891,                0.85505,                 1.6566,              0.0016832,              0.0016832,              0.0016832
                     50,                 1.4917,                0.79941,                0.23631,                0.95628,                  1.537,                0.88164,                0.97222,                0.94346,                0.55449,                0.90683,                      1,                0.95135,                0.69812,                 1.3429,                0.79745,                 0.0145,                0.92675,                 1.6687,              0.0016766,              0.0016766,              0.0016766
                     51,                 1.4327,                0.92112,                0.23931,                0.97702,                 1.5185,                0.68351,                0.97222,                0.73093,                0.43714,                0.70304,                      1,                0.74086,                0.58244,                 1.2738,                0.71997,                0.01855,                 1.2112,                 1.5644,                0.00167,                0.00167,                0.00167
                     52,                 1.4278,                0.76184,                0.18928,                0.94224,                 1.4296,                0.89031,                      1,                0.96066,                0.54804,                0.89031,                      1,                0.96066,                 0.7748,                 1.3647,                0.43864,                0.02104,                 1.0492,                  1.646,              0.0016634,              0.0016634,              0.0016634
                     53,                 1.4198,                0.74447,                0.23738,                0.92608,                 1.5238,                 0.8651,                0.97222,                0.95679,                0.50298,                0.89089,                      1,                0.98254,                0.75584,                 1.3474,                0.55149,                0.02698,                0.95833,                 1.7159,              0.0016568,              0.0016568,              0.0016568
                     54,                 1.4185,                0.61915,                0.20985,                0.95899,                 1.4947,                0.95378,                0.97222,                0.98056,                0.57287,                0.98103,                      1,                  0.995,                0.82301,                 1.1873,                0.48313,                0.02103,                0.91063,                  1.599,              0.0016502,              0.0016502,              0.0016502
                     55,                 1.3498,                0.72264,                0.20675,                0.92314,                 1.4568,                0.96547,                0.97222,                0.98522,                0.61026,                0.99306,                      1,                  0.995,                0.76908,                 1.3544,                0.49775,                 0.0257,                0.78737,                 1.6222,              0.0016436,              0.0016436,              0.0016436
                     56,                 1.4484,                0.59037,                0.19183,                0.94323,                 1.5321,                0.96617,                0.97222,                0.97886,                0.58094,                0.99378,                      1,                  0.995,                0.68833,                 1.3767,                0.89655,                 0.0227,                0.75326,                 1.6397,               0.001637,               0.001637,               0.001637
                     57,                 1.4551,                0.79613,                 0.2289,                0.89947,                 1.5697,                0.96698,                0.97222,                0.97825,                0.58554,                 0.9946,                      1,                  0.995,                0.78271,                  1.491,                0.56736,                0.04096,                0.74713,                  1.784,              0.0016304,              0.0016304,              0.0016304
                     58,                  1.495,                0.78901,                0.18932,                0.93436,                 1.4891,                 0.9638,                      1,                  0.995,                0.57293,                 0.9638,                      1,                  0.995,                0.82114,                 1.4748,                 0.4687,                0.03216,                0.80743,                 1.7678,              0.0016238,              0.0016238,              0.0016238
                     59,                 1.3632,                0.73449,                0.16273,                0.93615,                 1.4691,                0.96504,                0.97222,                0.96634,                0.56218,                0.99261,                      1,                  0.995,                0.83053,                 1.3454,                0.39784,                0.03024,                0.80878,                  1.681,              0.0016172,              0.0016172,              0.0016172
                     60,                 1.4775,                0.80959,                0.20207,                0.94584,                 1.4939,                 0.9916,                      1,                  0.995,                0.60155,                 0.9916,                      1,                  0.995,                0.81144,                   1.32,                 0.4814,                0.02329,                0.82582,                 1.6233,              0.0016106,              0.0016106,              0.0016106
                     61,                 1.3849,                0.95669,                0.25206,                0.96844,                 1.4398,                0.98723,                      1,                  0.995,                0.62362,                0.98723,                      1,                  0.995,                0.80824,                 1.3442,                0.50899,                0.02622,                0.83217,                 1.6665,               0.001604,               0.001604,               0.001604
                     62,                 1.3621,                0.77728,                0.19682,                0.87921,                 1.4092,                0.97268,                0.98927,                0.98473,                 0.6088,                0.99099,                      1,                  0.995,                0.83554,                 1.2924,                0.44989,                0.01378,                0.81926,                 1.5941,              0.0015974,              0.0015974,              0.0015974
                     63,                 1.3376,                0.75187,                 0.1622,                0.91845,                 1.4348,                0.93552,                0.94444,                0.97584,                0.57997,                0.99074,                      1,                  0.995,                0.78684,                 1.3388,                0.67499,                0.00852,                0.83074,                  1.667,              0.0015908,              0.0015908,              0.0015908
                     64,                 1.4035,                0.78989,                0.18531,                0.91037,                 1.4583,                0.93341,                0.94444,                0.97046,                0.58224,                0.98832,                      1,                  0.995,                0.84358,                 1.3405,                0.50041,                0.00982,                0.76583,                 1.5973,              0.0015842,              0.0015842,              0.0015842
                     65,                 1.4266,                0.80595,                0.23393,                 0.8495,                 1.4316,                0.99445,                      1,                  0.995,                0.62371,                0.99445,                      1,                  0.995,                0.79627,                 1.3155,                0.39102,                0.01098,                0.76647,                 1.5556,              0.0015776,              0.0015776,              0.0015776
                     66,                 1.4202,                 0.7873,                0.21153,                0.84583,                 1.4339,                0.96594,                0.97222,                0.97121,                0.59392,                0.99354,                      1,                  0.995,                 0.8155,                 1.2639,                0.38273,                0.01473,                0.75936,                 1.5373,               0.001571,               0.001571,               0.001571
                     67,                 1.3744,                0.72473,                0.17546,                0.90824,                 1.4763,                0.95948,                0.97222,                0.98397,                0.58132,                 0.9869,                      1,                  0.995,                0.82705,                 1.2644,                 0.4343,                0.01818,                0.77631,                 1.5836,              0.0015644,              0.0015644,              0.0015644
                     68,                 1.3255,                 0.6516,                0.17258,                0.93946,                 1.4103,                0.96298,                      1,                0.99446,                0.58769,                0.96298,                      1,                0.99446,                0.82754,                 1.3853,                0.47753,                0.01781,                0.91948,                 1.7307,              0.0015578,              0.0015578,              0.0015578
                     69,                 1.4074,                0.68236,                0.21394,                 0.9706,                  1.492,                0.96098,                0.97222,                0.95936,                0.56072,                0.98844,                      1,                  0.995,                0.80308,                 1.3098,                0.43773,                0.02721,                 0.9357,                  1.668,              0.0015512,              0.0015512,              0.0015512
                     70,                 1.3729,                0.82225,                0.18227,                0.93196,                  1.461,                0.98592,                      1,                  0.995,                0.64737,                0.98592,                      1,                  0.995,                0.81129,                 1.3302,                0.39483,                0.01447,                0.91667,                 1.6501,              0.0015446,              0.0015446,              0.0015446
                     71,                 1.3297,                0.71424,                0.20269,                0.92031,                 1.4448,                0.98583,                      1,                  0.995,                0.65067,                0.98583,                      1,                  0.995,                0.84926,                 1.3617,                0.42237,                0.01393,                0.89439,                 1.6471,               0.001538,               0.001538,               0.001538
                     72,                 1.3927,                 0.7021,                0.18739,                0.87267,                   1.43,                0.99212,                      1,                  0.995,                 0.6164,                0.99212,                      1,                  0.995,                 0.8532,                 1.3489,                0.40658,                0.01383,                0.85033,                 1.6603,              0.0015314,              0.0015314,              0.0015314
                     73,                 1.3719,                0.66112,                 0.2086,                0.91367,                 1.4724,                 0.9925,                      1,                  0.995,                0.63008,                 0.9925,                      1,                  0.995,                 0.8386,                 1.2436,                 0.3859,                 0.0141,                0.83991,                 1.5634,              0.0015248,              0.0015248,              0.0015248
                     74,                 1.3027,                0.72504,                0.22081,                0.89865,                 1.4565,                0.98796,                      1,                  0.995,                0.62529,                0.98796,                      1,                  0.995,                0.84529,                 1.1996,                0.39796,                0.01145,                0.83035,                 1.5426,              0.0015182,              0.0015182,              0.0015182
                     75,                 1.2801,                0.73226,                0.15637,                0.88636,                 1.4485,                0.99255,                      1,                  0.995,                0.59374,                0.99255,                      1,                  0.995,                0.80865,                 1.4219,                0.48449,                0.02316,                0.77338,                 1.7143,              0.0015116,              0.0015116,              0.0015116
                     76,                  1.325,                0.78026,                0.18247,                0.92318,                 1.4439,                 0.9947,                      1,                  0.995,                0.57883,                 0.9947,                      1,                  0.995,                 0.8023,                 1.4796,                0.46669,                0.03269,                0.78361,                 1.7956,               0.001505,               0.001505,               0.001505
                     77,                 1.3178,                0.85127,                0.17633,                 0.8794,                 1.3819,                0.99314,                      1,                  0.995,                0.61514,                0.99314,                      1,                  0.995,                0.82982,                 1.3726,                0.39201,                0.00977,                0.83417,                 1.6701,              0.0014984,              0.0014984,              0.0014984
                     78,                 1.3207,                0.75936,                0.21532,                0.93217,                 1.4593,                0.91937,                0.97222,                0.98271,                0.60654,                0.94563,                      1,                0.99446,                0.80674,                 1.3089,                0.59545,                0.01053,                0.95199,                 1.6027,              0.0014918,              0.0014918,              0.0014918
                     79,                 1.2557,                0.59945,                0.18949,                0.91233,                 1.3829,                0.94897,                0.97222,                 0.9823,                0.61126,                0.97608,                      1,                  0.995,                0.83161,                 1.2714,                0.50629,                0.01385,                0.89035,                  1.568,              0.0014852,              0.0014852,              0.0014852
                     80,                 1.2879,                0.82749,                0.14858,                0.90131,                 1.4172,                0.94557,                0.97222,                0.97393,                0.64436,                0.97259,                      1,                  0.995,                0.80414,                  1.281,                0.46114,                0.01486,                0.89864,                 1.5929,              0.0014786,              0.0014786,              0.0014786
                     81,                 1.3152,                0.69725,                0.17683,                0.95146,                 1.5122,                0.95525,                0.97222,                0.96135,                0.62963,                  0.983,                      1,                  0.995,                0.80653,                 1.2563,                0.38594,                0.01333,                0.86147,                 1.5666,               0.001472,               0.001472,               0.001472
                     82,                 1.2902,                0.68702,                0.16874,                0.88327,                 1.3987,                0.99172,                      1,                  0.995,                0.63868,                0.99172,                      1,                  0.995,                0.81602,                 1.3197,                 0.4154,                0.01249,                0.82844,                 1.5844,              0.0014654,              0.0014654,              0.0014654
                     83,                 1.3396,                0.77933,                0.21544,                0.84309,                 1.4175,                0.99549,                      1,                  0.995,                0.61915,                0.99549,                      1,                  0.995,                0.82064,                 1.3075,                0.46141,                0.00959,                0.73823,                 1.5592,              0.0014588,              0.0014588,              0.0014588
                     84,                 1.3418,                0.71735,                0.19513,                0.83293,                  1.422,                0.94305,                0.97222,                0.94922,                0.56083,                   0.97,                      1,                0.97257,                0.80073,                 1.3495,                0.41961,                0.01351,                0.72314,                  1.598,              0.0014522,              0.0014522,              0.0014522
                     85,                 1.3194,                0.58381,                0.15618,                0.85936,                 1.4285,                0.96782,                0.97222,                0.96676,                0.59443,                0.99547,                      1,                  0.995,                0.82613,                 1.3085,                0.41698,                0.01457,                 0.7554,                 1.5576,              0.0014456,              0.0014456,              0.0014456
                     86,                 1.2524,                0.70462,                0.16448,                0.87107,                  1.391,                 0.9674,                0.97222,                0.96646,                0.58514,                0.99504,                      1,                  0.995,                0.79243,                 1.3404,                0.48892,                0.01271,                0.80156,                 1.6187,               0.001439,               0.001439,               0.001439
                     87,                 1.2974,                0.70026,                0.16493,                0.87683,                 1.4353,                0.99672,                      1,                  0.995,                0.59841,                0.99672,                      1,                  0.995,                0.76163,                 1.3367,                0.55565,                0.01127,                0.79787,                 1.6513,              0.0014324,              0.0014324,              0.0014324
                     88,                 1.2958,                  0.584,                0.17733,                0.86243,                 1.4549,                 0.9963,                      1,                  0.995,                0.58953,                 0.9963,                      1,                  0.995,                 0.8439,                 1.3592,                0.38394,                0.01157,                0.82525,                 1.6434,              0.0014258,              0.0014258,              0.0014258
                     89,                 1.3284,                 0.8258,                0.16882,                0.86595,                 1.4341,                0.99509,                      1,                  0.995,                0.60217,                0.99509,                      1,                  0.995,                0.83608,                 1.2982,                0.36638,                0.01125,                0.79311,                 1.6166,              0.0014192,              0.0014192,              0.0014192
                     90,                   1.34,                0.69774,                0.14968,                0.83007,                 1.4446,                0.99258,                      1,                  0.995,                 0.6126,                0.99258,                      1,                  0.995,                0.82395,                 1.2933,                0.49545,                0.01499,                 0.8003,                 1.5715,              0.0014126,              0.0014126,              0.0014126
                     91,                 1.3413,                0.65203,                0.13906,                0.81921,                 1.4879,                0.99058,                      1,                  0.995,                0.63205,                0.99058,                      1,                  0.995,                 0.8308,                  1.286,                0.42571,                0.01192,                0.81916,                 1.6192,               0.001406,               0.001406,               0.001406
                     92,                 1.2783,                0.71121,                0.17297,                0.82778,                 1.3909,                0.93668,                0.94444,                0.97867,                0.60118,                0.99178,                      1,                  0.995,                0.80952,                 1.3431,                0.41732,                 0.0125,                0.86181,                 1.6935,              0.0013994,              0.0013994,              0.0013994
                     93,                 1.3066,                0.68302,                0.19436,                0.87204,                 1.4449,                0.97285,                0.99544,                0.98608,                0.62216,                0.99385,                      1,                  0.995,                0.82703,                 1.2581,                0.42169,                0.01971,                0.82164,                 1.5738,              0.0013928,              0.0013928,              0.0013928
                     94,                 1.3146,                0.61123,                0.17212,                0.92072,                 1.4447,                0.96768,                0.97222,                0.98359,                0.64527,                0.99532,                      1,                  0.995,                0.82808,                 1.2352,                0.43777,                0.00942,                0.81073,                 1.5389,              0.0013862,              0.0013862,              0.0013862
                     95,                 1.2581,                0.56763,                 0.1821,                0.82552,                 1.4382,                0.93739,                0.94444,                0.94744,                0.54432,                0.99253,                      1,                  0.995,                0.82545,                 1.4331,                0.44357,                0.00745,                0.84346,                 1.6974,              0.0013796,              0.0013796,              0.0013796
                     96,                 1.3052,                0.57351,                0.16486,                0.83651,                 1.4153,                0.96837,                0.97222,                0.97371,                0.59409,                0.99604,                      1,                  0.995,                0.79782,                 1.3219,                0.38451,                0.01032,                0.74993,                 1.6148,               0.001373,               0.001373,               0.001373
                     97,                 1.2925,                0.72469,                0.18396,                  0.771,                 1.4316,                0.99568,                      1,                  0.995,                0.60307,                0.99568,                      1,                  0.995,                0.79505,                 1.3951,                0.37143,                 0.0108,                0.71783,                 1.6546,              0.0013664,              0.0013664,              0.0013664
                     98,                 1.3396,                0.68962,                0.19903,                0.80225,                 1.4558,                0.99424,                      1,                  0.995,                0.60514,                0.99424,                      1,                  0.995,                0.79445,                 1.3018,                0.38922,                 0.0107,                0.77142,                 1.5834,              0.0013598,              0.0013598,              0.0013598
                     99,                   1.32,                0.72909,                0.14214,                0.89867,                 1.4191,                0.96763,                0.97222,                0.98322,                0.57655,                0.99527,                      1,                  0.995,                0.81555,                 1.3492,                0.49251,                0.01113,                0.79054,                 1.5968,              0.0013532,              0.0013532,              0.0013532
                    100,                 1.2722,                0.69158,                0.16435,                0.88183,                 1.4453,                0.99007,                      1,                  0.995,                0.58931,                0.99007,                      1,                  0.995,                0.82398,                 1.3276,                0.50466,                0.00955,                0.79523,                 1.5859,              0.0013466,              0.0013466,              0.0013466
                    101,                 1.2597,                  0.599,                0.16348,                0.85467,                 1.3875,                0.99602,                      1,                  0.995,                0.60256,                0.99602,                      1,                  0.995,                0.83059,                 1.3756,                0.38125,                0.00955,                0.83538,                 1.6483,                0.00134,                0.00134,                0.00134
                    102,                   1.28,                0.64972,                 0.1617,                0.88298,                 1.3981,                0.99632,                      1,                  0.995,                0.61155,                0.99632,                      1,                  0.995,                0.82392,                  1.301,                0.38398,                0.00844,                0.79939,                 1.5725,              0.0013334,              0.0013334,              0.0013334
                    103,                 1.2379,                0.76826,                0.17234,                0.85718,                 1.3815,                0.96821,                0.97222,                 0.9851,                0.61724,                0.99597,                      1,                  0.995,                0.86727,                 1.2472,                0.36451,                0.00834,                0.75001,                 1.5257,              0.0013268,              0.0013268,              0.0013268
                    104,                 1.2651,                 0.6342,                0.17097,                0.85808,                 1.3681,                0.99339,                      1,                  0.995,                0.58817,                0.99339,                      1,                  0.995,                0.83025,                 1.3541,                0.48709,                0.00731,                0.69872,                  1.631,              0.0013202,              0.0013202,              0.0013202
                    105,                 1.2333,                0.63722,                0.15939,                0.77542,                 1.3495,                0.96598,                      1,                0.99365,                0.60801,                0.96598,                      1,                0.99365,                0.81769,                  1.442,                0.47593,                  0.008,                0.67814,                 1.7346,              0.0013136,              0.0013136,              0.0013136
                    106,                 1.2943,                0.66054,                0.14427,                0.81577,                 1.3875,                0.97172,                      1,                  0.995,                0.60845,                0.97172,                      1,                  0.995,                0.82777,                 1.4155,                0.40063,                0.01058,                0.71886,                 1.7051,               0.001307,               0.001307,               0.001307
                    107,                 1.2342,                0.66267,                0.17966,                0.80087,                  1.384,                0.97933,                      1,                  0.995,                0.58031,                0.97933,                      1,                  0.995,                0.83669,                 1.4159,                0.39434,                0.00902,                0.76266,                  1.686,              0.0013004,              0.0013004,              0.0013004
                    108,                  1.225,                0.68914,                0.16457,                0.83643,                 1.3545,                0.95893,                0.97222,                0.98909,                0.59623,                0.98633,                      1,                  0.995,                 0.8249,                 1.4405,                0.39916,                0.00788,                0.75036,                 1.7039,              0.0012938,              0.0012938,              0.0012938
                    109,                 1.2386,                0.55993,                0.18726,                0.78934,                 1.3994,                0.96929,                0.97222,                0.97187,                0.59271,                0.99699,                      1,                  0.995,                0.81235,                 1.5416,                0.38998,                0.01349,                0.70745,                 1.7697,              0.0012872,              0.0012872,              0.0012872
                    110,                 1.2888,                0.54733,                0.16188,                0.80487,                 1.4024,                0.96158,                0.97222,                0.97155,                 0.5874,                0.98905,                      1,                  0.995,                0.82753,                 1.5268,                0.35717,                0.00987,                0.71498,                 1.7684,              0.0012806,              0.0012806,              0.0012806
                    111,                 1.3553,                0.62877,                 0.1667,                0.79748,                 1.4701,                0.96953,                0.97222,                0.97125,                0.60646,                0.99724,                      1,                  0.995,                0.82673,                 1.3957,                0.36998,                0.00952,                0.65697,                 1.6457,               0.001274,               0.001274,               0.001274
                    112,                 1.3755,                0.69753,                0.15716,                0.77655,                 1.4788,                0.96657,                0.97222,                0.98395,                0.59003,                0.99419,                      1,                  0.995,                0.82679,                 1.4001,                0.42959,                0.01279,                0.67891,                 1.6358,              0.0012674,              0.0012674,              0.0012674
                    113,                 1.2593,                 0.6105,                0.13355,                0.81167,                 1.3727,                0.96763,                0.97222,                0.98008,                0.60199,                0.99528,                      1,                  0.995,                0.82836,                 1.3081,                0.43023,                0.01082,                0.70626,                 1.5854,              0.0012608,              0.0012608,              0.0012608
                    114,                 1.2264,                0.59847,                0.15448,                0.80568,                 1.3837,                0.96841,                0.97222,                0.97617,                0.59547,                0.99608,                      1,                  0.995,                0.80989,                 1.4223,                0.38249,                0.00783,                0.72308,                 1.7036,              0.0012542,              0.0012542,              0.0012542
                    115,                 1.1997,                0.59514,                0.14733,                0.77964,                 1.3479,                0.96965,                0.97222,                0.96972,                0.57338,                0.99736,                      1,                  0.995,                0.82587,                 1.5029,                0.38557,                0.00569,                0.70818,                 1.7861,              0.0012476,              0.0012476,              0.0012476
                    116,                 1.1514,                 0.5609,                0.13334,                0.77619,                 1.3583,                0.99487,                      1,                  0.995,                0.59631,                0.99487,                      1,                  0.995,                0.82922,                 1.3912,                0.37873,                0.00439,                0.76574,                 1.6581,               0.001241,               0.001241,               0.001241
                    117,                 1.2796,                0.63172,                0.13066,                0.81105,                  1.418,                0.99421,                      1,                  0.995,                0.59482,                0.99421,                      1,                  0.995,                0.81238,                 1.3095,                 0.4478,                0.00474,                0.73429,                 1.5634,              0.0012344,              0.0012344,              0.0012344
                    118,                 1.2015,                0.58522,                0.14422,                0.77119,                  1.365,                0.99619,                      1,                  0.995,                0.59122,                0.99619,                      1,                  0.995,                0.80636,                 1.4105,                0.39185,                0.00847,                0.69701,                 1.6227,              0.0012278,              0.0012278,              0.0012278
                    119,                 1.2066,                0.63599,                0.12418,                0.78844,                 1.3447,                0.99673,                      1,                  0.995,                0.57852,                0.99673,                      1,                  0.995,                0.83521,                 1.5717,                0.39886,                0.00957,                0.71465,                 1.8636,              0.0012212,              0.0012212,              0.0012212
                    120,                 1.2537,                0.62332,                0.12666,                0.76232,                 1.3654,                0.99514,                      1,                  0.995,                0.59344,                0.99514,                      1,                  0.995,                0.86722,                  1.518,                0.41872,                0.00749,                0.69534,                 1.8275,              0.0012146,              0.0012146,              0.0012146
                    121,                 1.3095,                0.63114,                0.18106,                 0.8075,                 1.3934,                0.99534,                      1,                  0.995,                0.55923,                0.99534,                      1,                  0.995,                0.86458,                 1.4701,                0.43545,                0.00777,                0.71296,                 1.7229,               0.001208,               0.001208,               0.001208
                    122,                 1.3065,                0.63097,                0.16523,                0.82596,                 1.4278,                0.99376,                      1,                  0.995,                 0.5381,                0.99376,                      1,                  0.995,                0.84633,                 1.5316,                0.42187,                0.00921,                0.77297,                 1.7716,              0.0012014,              0.0012014,              0.0012014
                    123,                 1.2667,                0.58331,                0.12227,                0.79026,                 1.3635,                0.99546,                      1,                  0.995,                 0.5846,                0.99546,                      1,                  0.995,                 0.8554,                 1.4237,                0.38662,                0.01064,                0.79728,                 1.6957,              0.0011948,              0.0011948,              0.0011948
                    124,                 1.2645,                0.49695,                0.15842,                0.82476,                 1.4389,                0.99104,                      1,                  0.995,                0.59817,                0.99104,                      1,                  0.995,                0.82651,                 1.4072,                0.35828,                0.00691,                0.76831,                 1.6781,              0.0011882,              0.0011882,              0.0011882
                    125,                 1.2431,                0.58742,                 0.1357,                0.82349,                 1.3642,                0.99275,                      1,                  0.995,                0.60478,                0.99275,                      1,                  0.995,                0.81474,                 1.3323,                0.39461,                0.00561,                 0.7332,                 1.6211,              0.0011816,              0.0011816,              0.0011816
                    126,                 1.2465,                0.62547,                0.15917,                0.81141,                 1.3817,                0.96674,                0.97222,                0.97562,                0.62912,                 0.9945,                      1,                  0.995,                0.83494,                 1.3046,                0.42357,                 0.0072,                0.69669,                 1.5618,               0.001175,               0.001175,               0.001175
                    127,                 1.2258,                0.64659,                0.13223,                0.80327,                 1.3208,                0.96914,                0.97222,                0.97313,                0.61887,                0.99683,                      1,                  0.995,                0.81233,                 1.3307,                0.39176,                0.00925,                0.68626,                 1.5603,              0.0011684,              0.0011684,              0.0011684
                    128,                 1.1752,                0.65532,                0.13067,                0.74198,                 1.3135,                0.96919,                0.97222,                0.96964,                0.59309,                0.99688,                      1,                  0.995,                0.80813,                 1.4023,                0.38081,                0.01305,                0.67083,                 1.6321,              0.0011618,              0.0011618,              0.0011618
                    129,                 1.2719,                 0.6855,                0.12801,                0.76334,                 1.3797,                0.96972,                0.97222,                0.96967,                0.55297,                0.99743,                      1,                  0.995,                0.77803,                 1.4675,                0.43718,                0.00969,                 0.6492,                 1.7097,              0.0011552,              0.0011552,              0.0011552
                    130,                 1.2041,                0.58358,                0.14347,                0.73489,                 1.3927,                0.96975,                0.97222,                0.97013,                0.56162,                0.99746,                      1,                  0.995,                0.79092,                 1.4659,                0.48378,                0.00717,                0.65647,                 1.6491,              0.0011486,              0.0011486,              0.0011486
                    131,                 1.2711,                0.74733,                0.13917,                0.72957,                 1.3779,                0.94719,                0.99659,                0.97061,                0.54488,                 0.9946,                      1,                  0.995,                0.81171,                  1.545,                0.38048,                0.00623,                0.68687,                 1.6946,               0.001142,               0.001142,               0.001142
                    132,                 1.2629,                0.61284,                0.13594,                0.72299,                 1.3957,                0.96952,                0.97222,                0.96923,                0.57411,                0.99722,                      1,                  0.995,                0.80526,                  1.545,                0.38704,                0.00531,                0.72914,                 1.7653,              0.0011354,              0.0011354,              0.0011354
                    133,                 1.2391,                0.62524,                 0.1386,                0.74615,                 1.4006,                0.96536,                0.97222,                0.97522,                0.58142,                 0.9931,                      1,                  0.995,                0.81189,                 1.4223,                0.38642,                0.00506,                0.74138,                 1.7358,              0.0011288,              0.0011288,              0.0011288
                    134,                  1.254,                0.65289,                0.14357,                0.76883,                 1.4037,                0.96883,                0.97222,                0.97402,                0.59753,                0.99651,                      1,                  0.995,                0.82266,                 1.4141,                0.42665,                0.00463,                0.71764,                 1.6891,              0.0011222,              0.0011222,              0.0011222
                    135,                 1.2704,                0.66682,                  0.109,                0.79761,                 1.3913,                 0.9729,                0.99715,                0.98014,                0.62646,                0.99697,                      1,                  0.995,                0.83708,                 1.3297,                0.39913,                0.00459,                0.70535,                 1.5847,              0.0011156,              0.0011156,              0.0011156
                    136,                 1.2611,                0.63081,                0.14105,                0.82033,                 1.4069,                0.96751,                0.97222,                0.97784,                0.61505,                0.99515,                      1,                  0.995,                0.84427,                 1.3472,                0.38546,                0.00511,                0.70863,                  1.582,               0.001109,               0.001109,               0.001109
                    137,                 1.1613,                0.63987,                 0.1347,                0.75609,                 1.3556,                0.96483,                0.97222,                0.97606,                0.60418,                0.99256,                      1,                  0.995,                 0.8274,                 1.4228,                0.61652,                0.00697,                0.72244,                 1.6522,              0.0011024,              0.0011024,              0.0011024
                    138,                 1.1985,                0.63252,                0.14999,                0.76229,                 1.3723,                 0.9626,                0.97222,                0.98013,                0.60775,                 0.9901,                      1,                  0.995,                0.80278,                 1.4824,                0.60331,                0.01353,                0.68408,                 1.7443,              0.0010958,              0.0010958,              0.0010958
                    139,                  1.163,                0.64476,                0.15469,                0.73191,                 1.3399,                0.96845,                0.97222,                0.97065,                0.56112,                0.99682,                      1,                  0.995,                 0.7915,                 1.5797,                0.47097,                0.01472,                0.70971,                 1.8881,              0.0010892,              0.0010892,              0.0010892
                    140,                 1.1442,                0.57263,                0.16059,                0.72603,                  1.309,                0.96864,                0.97222,                0.97045,                0.56865,                0.99631,                      1,                  0.995,                0.80111,                 1.4835,                 0.4581,                0.00952,                0.72097,                 1.7555,              0.0010826,              0.0010826,              0.0010826
                    141,                 1.1301,                0.60009,                0.14847,                0.71698,                 1.3276,                0.99621,                      1,                  0.995,                0.56252,                0.99621,                      1,                  0.995,                0.83257,                 1.4343,                0.40629,                0.00854,                0.69546,                 1.6554,               0.001076,               0.001076,               0.001076
                    142,                 1.1071,                0.43966,                0.12147,                0.71528,                 1.3282,                0.96798,                0.97222,                0.97173,                0.58542,                0.99564,                      1,                  0.995,                0.82613,                 1.4458,                0.38048,                0.00722,                0.67616,                 1.6749,              0.0010694,              0.0010694,              0.0010694
                    143,                 1.1597,                0.55027,                0.09563,                0.71102,                 1.3492,                 0.9678,                0.97222,                0.97173,                0.60356,                0.99545,                      1,                  0.995,                0.82994,                 1.3787,                0.38252,                0.00757,                0.66536,                 1.6135,              0.0010628,              0.0010628,              0.0010628
                    144,                 1.1901,                0.53735,                0.13773,                0.70931,                  1.323,                0.99316,                      1,                  0.995,                0.61693,                0.99316,                      1,                  0.995,                0.83948,                 1.4016,                0.40795,                0.00806,                0.66785,                 1.6267,              0.0010562,              0.0010562,              0.0010562
                    145,                 1.2126,                 0.7471,                0.14879,                0.69474,                 1.3636,                0.95596,                      1,                0.99068,                0.61337,                0.95596,                      1,                0.99068,                0.85473,                 1.4448,                0.40705,                0.00983,                 0.6702,                 1.7042,              0.0010496,              0.0010496,              0.0010496
                    146,                 1.1801,                0.56765,                0.14195,                0.68246,                 1.3001,                0.98284,                      1,                  0.995,                0.62419,                0.98284,                      1,                  0.995,                 0.8494,                  1.463,                0.44319,                 0.0129,                 0.6585,                  1.713,               0.001043,               0.001043,               0.001043
                    147,                 1.1438,                0.59475,                0.10901,                0.66895,                 1.3428,                0.96743,                0.97222,                0.98131,                0.56372,                0.99518,                      1,                  0.995,                0.83111,                 1.5349,                0.58586,                0.01153,                0.66285,                 1.8273,              0.0010364,              0.0010364,              0.0010364
                    148,                 1.2566,                 0.5292,                0.15748,                0.72617,                 1.3597,                0.98735,                      1,                  0.995,                0.60878,                0.98735,                      1,                  0.995,                0.78971,                 1.5233,                0.75376,                0.00713,                0.72448,                 1.7951,              0.0010298,              0.0010298,              0.0010298
                    149,                 1.1571,                0.68945,                0.13409,                0.68922,                 1.2953,                0.96624,                      1,                  0.995,                0.59369,                0.96624,                      1,                  0.995,                0.80058,                 1.5808,                0.50264,                0.00579,                0.70584,                 1.8774,              0.0010232,              0.0010232,              0.0010232
                    150,                  1.157,                0.60038,                0.13878,                0.67731,                 1.3414,                0.99423,                      1,                  0.995,                0.61089,                0.99423,                      1,                  0.995,                0.81765,                 1.6025,                0.41206,                0.00607,                0.68052,                 1.9389,              0.0010166,              0.0010166,              0.0010166
                    151,                 1.1619,                0.46756,                0.12674,                0.67908,                 1.3213,                0.98492,                      1,                  0.995,                0.57656,                0.98492,                      1,                  0.995,                0.79554,                 1.6775,                0.49953,                  0.005,                0.72729,                 1.9778,                0.00101,                0.00101,                0.00101
                    152,                 1.1164,                0.59408,                0.13323,                0.67962,                 1.2943,                      1,                0.97064,                  0.995,                0.55455,                      1,                0.97064,                  0.995,                0.69865,                 1.6491,                0.91952,                0.00436,                0.74421,                 1.9448,              0.0010034,              0.0010034,              0.0010034
                    153,                 1.1567,                0.62527,                0.14408,                0.68567,                 1.3497,                0.96667,                      1,                0.99365,                0.57717,                0.96667,                      1,                0.99365,                0.74223,                 1.5287,                0.77604,                0.00475,                0.70159,                 1.8209,              0.0009968,              0.0009968,              0.0009968
                    154,                 1.1235,                0.47804,                0.13898,                0.69061,                 1.3303,                 0.9694,                      1,                0.99365,                0.58184,                 0.9694,                      1,                0.99365,                0.77718,                 1.5956,                0.53434,                0.00565,                0.69675,                 1.8647,              0.0009902,              0.0009902,              0.0009902
                    155,                 1.1231,                0.58719,                0.12013,                0.64694,                 1.3278,                0.97472,                      1,                  0.995,                0.58085,                0.97472,                      1,                  0.995,                  0.774,                 1.5649,                0.57509,                0.00607,                0.63301,                  1.863,              0.0009836,              0.0009836,              0.0009836
                    156,                 1.1647,                0.56691,                0.08882,                0.67455,                 1.3124,                0.99101,                      1,                  0.995,                0.60325,                0.99101,                      1,                  0.995,                0.77845,                 1.4223,                0.58105,                0.00442,                 0.6599,                 1.6793,               0.000977,               0.000977,               0.000977
                    157,                 1.1678,                0.55789,                0.09318,                0.66102,                 1.3315,                0.99713,                      1,                  0.995,                0.57597,                0.99713,                      1,                  0.995,                0.79033,                 1.4672,                0.66622,                0.00389,                0.64711,                 1.7082,              0.0009704,              0.0009704,              0.0009704
                    158,                 1.2266,                0.46348,                0.13135,                0.70622,                 1.4005,                0.99667,                      1,                  0.995,                0.60281,                0.99667,                      1,                  0.995,                0.81519,                 1.4363,                0.55104,                0.00388,                0.59535,                 1.6772,              0.0009638,              0.0009638,              0.0009638
                    159,                 1.1936,                0.60669,                0.13697,                0.70271,                 1.3415,                0.99598,                      1,                  0.995,                0.60045,                0.99598,                      1,                  0.995,                0.82068,                 1.4564,                0.47876,                0.00557,                0.62298,                 1.7559,              0.0009572,              0.0009572,              0.0009572
                    160,                 1.1159,                0.51097,                0.13483,                0.72576,                 1.3312,                0.96896,                0.97222,                0.96967,                0.60236,                0.99664,                      1,                  0.995,                0.81806,                 1.5233,                 0.4287,                0.00571,                0.60958,                 1.8024,              0.0009506,              0.0009506,              0.0009506
                    161,                 1.2122,                0.61414,                0.13138,                0.78106,                 1.3696,                0.96923,                0.97222,                0.95702,                0.57891,                0.99692,                      1,                  0.995,                0.82256,                 1.5024,                0.42793,                0.00395,                0.57934,                 1.7344,               0.000944,               0.000944,               0.000944
                    162,                 1.1612,                 0.4902,                0.11668,                0.71429,                 1.3055,                0.99767,                      1,                  0.995,                0.62631,                0.99767,                      1,                  0.995,                0.80742,                 1.3473,                0.41834,                0.00376,                0.55492,                 1.6078,              0.0009374,              0.0009374,              0.0009374
                    163,                 1.2004,                0.58144,                0.15328,                0.69354,                 1.3305,                 0.9958,                      1,                  0.995,                0.59942,                 0.9958,                      1,                  0.995,                0.81248,                 1.4093,                0.45149,                0.00424,                0.59988,                 1.6738,              0.0009308,              0.0009308,              0.0009308
                    164,                   1.16,                0.45527,                0.13056,                 0.6956,                  1.367,                 0.9975,                      1,                  0.995,                0.62233,                 0.9975,                      1,                  0.995,                0.80661,                   1.42,                0.52259,                 0.0042,                0.62762,                 1.6626,              0.0009242,              0.0009242,              0.0009242
                    165,                 1.1384,                0.60263,                0.16132,                0.68171,                 1.3548,                0.99603,                      1,                  0.995,                0.58014,                0.99603,                      1,                  0.995,                0.81684,                  1.554,                0.46762,                 0.0042,                0.59778,                 1.7618,              0.0009176,              0.0009176,              0.0009176
                    166,                 1.1368,                0.51219,                0.12085,                0.72067,                 1.2878,                0.99747,                      1,                  0.995,                0.60246,                0.99747,                      1,                  0.995,                0.80944,                 1.5658,                0.42246,                0.00368,                0.57682,                 1.7971,               0.000911,               0.000911,               0.000911
                    167,                 1.1252,                0.51492,                0.12441,                0.66794,                 1.3267,                0.99598,                      1,                  0.995,                0.60765,                0.99598,                      1,                  0.995,                0.82299,                  1.583,                0.38991,                0.00336,                 0.6496,                 1.8679,              0.0009044,              0.0009044,              0.0009044
                    168,                 1.0561,                0.44323,                 0.1586,                0.64759,                 1.2835,                0.96876,                0.97222,                0.96923,                0.62489,                0.99644,                      1,                  0.995,                0.83471,                 1.5076,                0.40157,                0.00322,                0.60269,                 1.7668,              0.0008978,              0.0008978,              0.0008978
                    169,                 1.2096,                0.63843,                0.20485,                 0.7205,                 1.3805,                0.96948,                0.97222,                0.97131,                0.61226,                0.99727,                      1,                  0.995,                0.83998,                 1.4799,                0.40772,                0.00368,                0.62114,                 1.7147,              0.0008912,              0.0008912,              0.0008912
                    170,                 1.1312,                0.53318,                0.14302,                0.67727,                 1.2833,                 0.9682,                0.97222,                0.97402,                 0.6115,                0.99586,                      1,                  0.995,                0.80383,                 1.4979,                0.49932,                0.00522,                0.60879,                 1.7335,              0.0008846,              0.0008846,              0.0008846
                    171,                  1.235,                0.60788,                0.13358,                0.72188,                 1.3635,                0.99628,                      1,                  0.995,                0.59056,                0.99628,                      1,                  0.995,                0.78547,                 1.5643,                0.50977,                0.00636,                0.59797,                 1.8039,               0.000878,               0.000878,               0.000878
